<?xml version="1.0" encoding="UTF-8"?>
<configurationDescriptor version="100">
  <logicalFolder name="root" displayName="root" projectFiles="true" kind="ROOT">
    <logicalFolder name="HeaderFiles"
                   displayName="Header Files"
                   projectFiles="true">
      <itemPath>/Users/sam/NetBeansProjects/serverGMP/serverGMP.h</itemPath>
    </logicalFolder>
    <logicalFolder name="ResourceFiles"
                   displayName="Resource Files"
                   projectFiles="true">
    </logicalFolder>
    <logicalFolder name="SourceFiles"
                   displayName="Source Files"
                   projectFiles="true">
      <itemPath>/Users/sam/NetBeansProjects/serverGMP/serverGMP.c</itemPath>
    </logicalFolder>
    <logicalFolder name="TestFiles"
                   displayName="Test Files"
                   projectFiles="false"
                   kind="TEST_LOGICAL_FOLDER">
    </logicalFolder>
    <logicalFolder name="ExternalFiles"
                   displayName="Important Files"
                   projectFiles="false"
                   kind="IMPORTANT_FILES_FOLDER">
      <itemPath>Makefile</itemPath>
    </logicalFolder>
  </logicalFolder>
  <sourceRootList>
    <Elem>/Users/sam/NetBeansProjects/serverGMP</Elem>
  </sourceRootList>
  <projectmakefile>Makefile</projectmakefile>
  <confs>
    <conf name="Debug" type="2">
      <toolsSet>
        <compilerSet>default</compilerSet>
        <dependencyChecking>true</dependencyChecking>
        <rebuildPropChanged>false</rebuildPropChanged>
      </toolsSet>
      <compileType>
        <cTool>
          <incDir>
            <pElem>/Library/Java/JavaVirtualMachines/jdk1.8.0_92.jdk/Contents/Home</pElem>
            <pElem>/Library/Java/JavaVirtualMachines/jdk1.8.0_92.jdk/Contents/Home/include</pElem>
            <pElem>/Library/Java/JavaVirtualMachines/jdk1.8.0_92.jdk/Contents/Home/include/darwin</pElem>
          </incDir>
        </cTool>
        <linkerTool>
          <output>dist/libserverGMP.dylib</output>
          <commandLine>-shared -lgmp</commandLine>
        </linkerTool>
      </compileType>
      <item path="/Users/sam/NetBeansProjects/serverGMP/serverGMP.c"
            ex="false"
            tool="0"
            flavor2="0">
      </item>
      <item path="/Users/sam/NetBeansProjects/serverGMP/serverGMP.h"
            ex="false"
            tool="3"
            flavor2="0">
      </item>
    </conf>
    <conf name="Release" type="2">
      <toolsSet>
        <compilerSet>default</compilerSet>
        <dependencyChecking>true</dependencyChecking>
        <rebuildPropChanged>false</rebuildPropChanged>
      </toolsSet>
      <compileType>
        <cTool>
          <developmentMode>5</developmentMode>
        </cTool>
        <ccTool>
          <developmentMode>5</developmentMode>
        </ccTool>
        <fortranCompilerTool>
          <developmentMode>5</developmentMode>
        </fortranCompilerTool>
        <asmTool>
          <developmentMode>5</developmentMode>
        </asmTool>
      </compileType>
      <item path="/Users/sam/NetBeansProjects/serverGMP/serverGMP.c"
            ex="false"
            tool="0"
            flavor2="0">
      </item>
      <item path="/Users/sam/NetBeansProjects/serverGMP/serverGMP.h"
            ex="false"
            tool="3"
            flavor2="0">
      </item>
    </conf>
  </confs>
</configurationDescriptor>
